id,property_title_t
/tc/about/abouthk/factsheets/index.htm,香港便覽
/tc/about/abouthk/facts.htm,香港概況
/tc/about/abouthk/holiday/2007.htm,2007年公眾假期
/tc/about/abouthk/holiday/2008.htm,2008年公眾假期
/tc/about/abouthk/holiday/2009.htm,2009年公眾假期
/tc/about/abouthk/holiday/2010.htm,2010年公眾假期
/tc/about/abouthk/holiday/2011.htm,2011年公眾假期
/tc/about/abouthk/holiday/2012.htm,2012年公眾假期
/tc/about/abouthk/holiday/2013.htm,2013年公眾假期
/tc/about/abouthk/holiday/2014.htm,2014年公眾假期
/tc/about/abouthk/holiday/2015.htm,2015年公眾假期
/tc/about/abouthk/holiday/2016.htm,2016年公眾假期
/tc/about/abouthk/holiday/2017.htm,2017年公眾假期
/tc/about/abouthk/holiday/2018.htm,2018年公眾假期
/tc/about/abouthk/holiday/2019.htm,2019年公眾假期
/tc/about/abouthk/holiday/index.htm,公眾假期
/tc/about/abouthk/index.htm,關於香港
/tc/about/abouthk/,關於香港
/tc/about/aboutus.htm,關於我們
/tc/about/aboutus.htm,關於香港政府一站通
/tc/about/accessibility/accessibilityfeatures.htm,香港政府一站通特設的無障礙瀏覽功能
/tc/about/accessibility/assistivetools.htm,視障人士使用輔助工具瀏覽香港政府一站通
/tc/about/accessibility/conformance.htm,無障礙網頁守則聲明
/tc/about/accessibility/index.htm,香港政府一站通無障礙網頁設計
/tc/about/accessibility/,無障礙瀏覽
/tc/about/copyright.htm,版權告示
/tc/about/copyright.htm,版權告示及免責聲明
/tc/about/disclaimer.htm,免責聲明
/tc/about/epayment_contact.htm,查詢網上繳費服務的聯絡資料
/tc/about/form_types.htm,政府表格的格式
/tc/about/govdirectory/govstructure.htm,政府架構
/tc/about/govdirectory/govwebsite/alphabetical.htm,政府部門及有關機構網站（按筆劃序排列）
/tc/about/govdirectory/govwebsite/alphabetical.htm,政府網站
/tc/about/govdirectory/govwebsite/index.htm,政府部門及有關機構網站（按組織架構編排）
/tc/about/govdirectory/index.htm,政府網站及人員
/tc/about/govdirectory/mobileapps.htm,政府流動應用程式
/tc/about/govdirectory/oohk.htm,香港境外辦事處
/tc/about/govdirectory/po/cce.htm,海關關長 鄧以海  CMSM
/tc/about/govdirectory/po/cicac.htm,廉政專員 白韞六
/tc/about/govdirectory/po/cp.htm,警務處處長 盧偉聰
/tc/about/govdirectory/po/cs.htm,政務司司長 張建宗  大紫荊勳賢  GBS  JP
/tc/about/govdirectory/po/da.htm,審計署署長 孫德基  GBS  JP
/tc/about/govdirectory/po/di.htm,入境事務處處長 曾國衞  IDSM
/tc/about/govdirectory/po/fs.htm,財政司司長 陳茂波  大紫荊勳賢  GBS  MH  JP
/tc/about/govdirectory/po/index.htm,香港特別行政區主要官員
/tc/about/govdirectory/po/sced.htm,商務及經濟發展局局長 邱騰華  GBS  JP
/tc/about/govdirectory/po/scma.htm,政制及內地事務局局長 聶德權  JP
/tc/about/govdirectory/po/scs.htm,公務員事務局局長 羅智光  GBS  JP
/tc/about/govdirectory/po/sdev.htm,發展局局長 黃偉綸  JP
/tc/about/govdirectory/po/sed.htm,教育局局長 楊潤雄  JP
/tc/about/govdirectory/po/sen.htm,環境局局長 黃錦星  GBS  JP
/tc/about/govdirectory/po/sfh.htm,食物及衞生局局長 陳肇始  JP
/tc/about/govdirectory/po/sfst.htm,財經事務及庫務局局長 劉怡翔  JP
/tc/about/govdirectory/po/sha.htm,民政事務局局長 劉江華  JP
/tc/about/govdirectory/po/sit.htm,創新及科技局局長 楊偉雄  GBS  JP
/tc/about/govdirectory/po/sj.htm,律政司司長 鄭若驊  GBS  SC  JP
/tc/about/govdirectory/po/slw.htm,勞工及福利局局長 羅致光  GBS  JP
/tc/about/govdirectory/po/ss.htm,保安局局長 李家超  SBS  PDSM  PMSM  JP
/tc/about/govdirectory/po/sth.htm,運輸及房屋局局長 陳帆  JP
/tc/about/govdirectory/pshd.htm,常任秘書長及部門首長名單
/tc/about/govdirectory/telephone.htm,政府電話簿
/tc/about/helpdesk/demo/mygovhk/index.htm,觀看「我的政府一站通」示範指南
/tc/about/helpdesk/faq/digitalcert/index.htm,數碼證書及認證
/tc/about/helpdesk/faq/index.htm,「香港政府一站通」網上服務的常見問題
/tc/about/helpdesk/faq/infosec/index.htm,資訊保安
/tc/about/helpdesk/faq/other/index.htm,其他技術問題及疑難排解
/tc/about/helpdesk/faq/payment/index.htm,網上付款
/tc/about/helpdesk/index.htm,聯絡及支援
/tc/about/helpdesk/mygovhkfaq/index.htm,「我的政府一站通」常見問題
/tc/about/helpdesk/search/index.htm,有關搜尋服務的常見問題
/tc/about/helpdesk/softwarerequirement/hkscs.htm,香港增補字符集
/tc/about/helpdesk/softwarerequirement/index.htm,使用「香港政府一站通」的系統需求
/tc/about/helpdesk/softwarerequirement/onlineservice.htm,使用香港政府一站通網上服務的系統需求
/tc/about/helpdesk/softwarerequirement/openingdocument.htm,你可能需要的軟件
/tc/about/helpdesk/,幫助
/tc/about/linkpolicy/index.htm,連結到「香港政府一站通」
/tc/about/linkpolicy/textandgraphiclinks.htm,文字及圖示連結
/tc/about/linkpolicy/,連結到政府一站通
/tc/about/multimedia/govhk/index.htm,多媒體 - 香港政府一站通
/tc/about/multimedia/index.htm,香港政府一站通多媒體
/tc/about/multimedia/mygovhk/index.htm,多媒體 - 我的政府一站通
/tc/about/mygovhk/about.htm,關於我的政府一站通
/tc/about/mygovhk/demo.htm,觀看「我的政府一站通」示範指南
/tc/about/mygovhk/index.htm,關於我的政府一站通
/tc/about/mygovhk/multimedia.htm,我的政府一站通多媒體
/tc/about/otherlang/en.htm,International - English
/tc/about/otherlang/index.htm,其他語言
/tc/about/otherlang/india.htm,India - हिन्दी
/tc/about/otherlang/indonesia.htm,Indonesia - Bahasa Indonesia
/tc/about/otherlang/nepal.htm,Nepal - नेपाली
/tc/about/otherlang/pakistan.htm,Pakistan - اردو
/tc/about/otherlang/philippines.htm,Philippines - Tagalog
/tc/about/otherlang/sc.htm,Simplified Chinese - 简体中文
/tc/about/otherlang/tc.htm,Traditional Chinese - 繁體中文
/tc/about/otherlang/thailand.htm,Thailand – ภาษาไทย
/tc/about/otherlang/vietnam.htm,Vietnam - Tiếng Việt
/tc/about/privacy.htm,私隱政策
/tc/about/rsshelp.htm,甚麼是 RSS 頻道?
/tc/about/rss.htm,RSS頻道
/tc/about/sitemap.htm,網頁指南
/tc/business/bf/bfac.htm,方便營商諮詢委員會及其專責工作小組
/tc/business/bf/consultation.htm,商界諮詢
/tc/business/bf/index.htm,方便营商措施
/tc/business/bf/,方便營商措施
/tc/business/businessgov/buying/index.htm,向政府提出租購
/tc/business/businessgov/index.htm,政府作為營商伙伴
/tc/business/businessgov/selling/index.htm,向政府進行銷售
/tc/business/businessgov/,政府作為營商伙伴
/tc/business/businessmainland/businessinfochina/index.htm,中國商貿資訊
/tc/business/businessmainland/cepa/index.htm,CEPA
/tc/business/businessmainland/index.htm,在中國營商
/tc/business/businessmainland/,在中國營商
/tc/business/corporate/businessenv.htm,商業與環保
/tc/business/corporate/businessethics/index.htm,商業道德
/tc/business/corporate/corporate/index.htm,企業社區參與
/tc/business/corporate/index.htm,企業社會責任
/tc/business/corporate/,企業社會責任
/tc/business/ecommerce/ecommerce/index.htm,電子商貿
/tc/business/ecommerce/index.htm,電子商貿及資訊保安
/tc/business/ecommerce/infosec/index.htm,資訊保安
/tc/business/ecommerce/support.htm,對創新、設計及科技的支援
/tc/business/ecommerce/,電子商貿及資訊保安
/tc/business/forms/,常用政府表格
/tc/business/forms/,常用政府表格(商務及貿易)
/tc/business/global/importexport/index.htm,進口及出口
/tc/business/global/index.htm,環球貿易及進出口
/tc/business/global/logistics/index.htm,物流
/tc/business/global/quality/index.htm,品質保證、產品標準及認證
/tc/business/global/sourcing/index.htm,採購及商貿配對
/tc/business/global/trade/index.htm,展覽活動
/tc/business/global/,環球貿易及進出口
/tc/business/humanresources/employee.htm,僱員保障及補償
/tc/business/humanresources/equal/index.htm,僱傭方面的平等機會及私隱保障
/tc/business/humanresources/index.htm,人力資源
/tc/business/humanresources/labour.htm,勞工法例及指引
/tc/business/humanresources/mpf.htm,強積金制度
/tc/business/humanresources/occupation.htm,職業安全及健康
/tc/business/humanresources/recruitment.htm,招聘
/tc/business/humanresources/vocation.htm,職業訓練及持續教育
/tc/business/humanresources/,人力資源
/tc/business/market/economic/index.htm,經濟報告及商業統計
/tc/business/market/index.htm,市場資訊及統計數據
/tc/business/market/marketindustry/index.htm,市場及行業資訊
/tc/business/market/,市場資訊及統計數據
/tc/business/onlineservices/,網上服務
/tc/business/onlineservices/,網上服務(商務及貿易)
/tc/business/registration/businesscompany/index.htm,商業登記及公司註冊
/tc/business/registration/deregistration/compulsory.htm,破產案、個人自願安排個案及強制性清盤案紀錄的網上查冊服務
/tc/business/registration/deregistration/index.htm,商業登記、撤銷公司註冊及清盤
/tc/business/registration/index.htm,註冊及牌照
/tc/business/registration/intellectual/index.htm,知識產權
/tc/business/registration/license/index.htm,牌照及許可證
/tc/business/registration/,註冊及牌照
/tc/business/supportenterprises/businesstopics/deregistration.htm,撤銷公司註冊及僱主的責任
/tc/business/supportenterprises/businesstopics/financialplanning.htm,創業（資本及籌劃）
/tc/business/supportenterprises/businesstopics/index.htm,營商專題
/tc/business/supportenterprises/businesstopics/licensing.htm,創業（牌照、註冊及法例）
/tc/business/supportenterprises/businesstopics/renting.htm,寫字樓或鋪位租賃
/tc/business/supportenterprises/businesstopics/windingup.htm,公司清盤
/tc/business/supportenterprises/foreignenterprises/index.htm,對外地企業的支援
/tc/business/supportenterprises/funding/index.htm,政府資助計劃
/tc/business/supportenterprises/index.htm,對本地及外地企業的支援
/tc/business/supportenterprises/innovation/index.htm,對創新、設計及科技的支援
/tc/business/supportenterprises/localenterprises/fightdownturn.htm,營商支援對抗逆境
/tc/business/supportenterprises/localenterprises/index.htm,對本地企業及中小企的支援
/tc/business/supportenterprises/,對本地及外地企業的支援
/tc/business/taxes/employer/index.htm,僱主的稅務責任
/tc/business/taxes/index.htm,稅務
/tc/business/taxes/obligations/index.htm,業務經營者的稅務責任
/tc/business/taxes/profittax/index.htm,利得稅
/tc/business/taxes/propertytax.htm,物業稅
/tc/business/taxes/stamp.htm,印花稅
/tc/business/taxes/,稅務
/tc/business/,商務及貿易
/tc/nonresidents/forms/,常用政府表格
/tc/nonresidents/forms/,常用政府表格(非本港居民)
/tc/nonresidents/investinghk/index.htm,在香港營商
/tc/nonresidents/investinghk/taxinhk.htm,非本港居民業務經營者的稅務責任
/tc/nonresidents/investinghk/,在香港營商
/tc/nonresidents/living/index.htm,在香港生活
/tc/nonresidents/living/pets.htm,帶寵物到香港
/tc/nonresidents/living/settling.htm,來港定居
/tc/nonresidents/living/,在香港生活
/tc/nonresidents/onlineservices/,網上服務
/tc/nonresidents/onlineservices/,網上服務(非本港居民)
/tc/nonresidents/studyinghk/index.htm,在香港升學
/tc/nonresidents/studyinghk/,在香港升學
/tc/nonresidents/visarequire/echannel/index.htm,旅客自助出入境檢查（e-道）服務
/tc/nonresidents/visarequire/general/index.htm,一般簽證的要求
/tc/nonresidents/visarequire/index.htm,入境事務
/tc/nonresidents/visarequire/other/index.htm,工作、留學及其他簽證
/tc/nonresidents/visarequire/,入境事務
/tc/nonresidents/visitinghk/cityatt/culture.htm,遊歷香港歷史文化
/tc/nonresidents/visitinghk/cityatt/doingsports.htm,香港運動樂
/tc/nonresidents/visitinghk/cityatt/index.htm,觀光旅遊及美食
/tc/nonresidents/visitinghk/cityatt/leisure.htm,優閒娛樂在香港
/tc/nonresidents/visitinghk/index.htm,遊覽香港
/tc/nonresidents/visitinghk/protection/index.htm,旅客的安全及保障
/tc/nonresidents/visitinghk/usefulinfo/emergency.htm,尋求緊急援助
/tc/nonresidents/visitinghk/usefulinfo/handytools.htm,旅遊小工具
/tc/nonresidents/visitinghk/usefulinfo/index.htm,旅遊實用資訊
/tc/nonresidents/visitinghk/,遊覽香港
/tc/nonresidents/workinghk/employment/index.htm,香港的就業情況
/tc/nonresidents/workinghk/index.htm,在香港就業
/tc/nonresidents/workinghk/taxinhk/index.htm,香港的稅務事宜
/tc/nonresidents/workinghk/taxinhk/taxationinhk.htm,僱員、董事及自僱人士
/tc/nonresidents/workinghk/taxinhk/taxobligations.htm,來港工作人士的稅務責任
/tc/nonresidents/workinghk/,在香港就業
/tc/nonresidents/,非本港居民
/tc/residents/communication/fixedline/index.htm,固網電話服務
/tc/residents/communication/government/governmentpolicy.htm,政府針對資訊及通訊科技發展的策略及措施
/tc/residents/communication/government/index.htm,政府政策及措施
/tc/residents/communication/government/innovation.htm,政府為創新科技提供的支援
/tc/residents/communication/government/mobileaccess.htm,電子政府服務
/tc/residents/communication/index.htm,通訊及科技
/tc/residents/communication/infosec/antispam.htm,打擊濫發訊息
/tc/residents/communication/infosec/cyberethics.htm,網上操守
/tc/residents/communication/infosec/digitalcert.htm,「電子認證」和數碼證書
/tc/residents/communication/infosec/index.htm,資訊保安及濫發訊息
/tc/residents/communication/infosec/intproperty.htm,保護知識產權
/tc/residents/communication/infosec/socialnetworking.htm,社交網絡安全須知
/tc/residents/communication/infosec/technologycrime.htm,科技罪行
/tc/residents/communication/internet/index.htm,互聯網有關服務
/tc/residents/communication/mobilecomm/index.htm,流動通訊服務
/tc/residents/communication/mobilecomm/mobilebill.htm,提防流動通訊服務帳單震撼
/tc/residents/communication/mobilecomm/stayingintouch/communicationstips/index.htm,郊遊遠足通訊須知
/tc/residents/communication/mobilecomm/stayingintouch/communicationstips/walkietalkiesgps.htm,在郊野公園使用手提無線電對講機及全球定位系統器材
/tc/residents/communication/mobilecomm/stayingintouch/index.htm,郊遊遠足時的通訊方法
/tc/residents/communication/mobilecomm/stayingintouch/mobilecoverage.htm,郊野公園流動電話網絡覆蓋
/tc/residents/communication/publicit/course/index.htm,資訊科技課程及活動
/tc/residents/communication/publicit/course/itcourse.htm,非政府機構舉辦的資訊科技課程及活動
/tc/residents/communication/publicit/index.htm,公眾資訊科技設施及資源
/tc/residents/communication/publicit/itfacilities/index.htm,公眾資訊科技設施
/tc/residents/communication/publicit/itfacilities/wifi/index.htm,政府場地的 Wi-Fi 無線上網設施
/tc/residents/communication/tv/index.htm,電視及電台廣播
/tc/residents/communication/visuallyimp/disabilities.htm,協助殘疾人士的機構及網站
/tc/residents/communication/visuallyimp/facilities.htm,為視障人士而設的公用電腦設施及資源
/tc/residents/communication/visuallyimp/index.htm,協助有特別需要人士的科技
/tc/residents/communication/visuallyimp/tech.htm,協助視障人士進入數碼世界的科技
/tc/residents/communication/,通訊及科技
/tc/residents/culture/events/flower_show.htm,香港花卉展覽
/tc/residents/culture/events/index.htm,主要盛事及活動
/tc/residents/culture/events/lcsdemagservice.htm,康樂及文化事務署電子雜誌服務
/tc/residents/culture/events/major_events.htm,大型體育活動
/tc/residents/culture/fun/index.htm,樂在香港
/tc/residents/culture/index.htm,文化、康樂及運動
/tc/residents/culture/interest/index.htm,興趣及嗜好
/tc/residents/culture/mobile/index.htm,流動應用程式
/tc/residents/culture/mobile/mobile_app.htm,政府流動應用程式 － 文化、康樂及體育
/tc/residents/culture/museum/heritage/index.htm,文物及古蹟
/tc/residents/culture/museum/index.htm,文物及博物館
/tc/residents/culture/museum/museums/astro.htm,科學和天文活動
/tc/residents/culture/museum/museums/heritagemuseum.htm,歷史文物和博物館
/tc/residents/culture/museum/museums/index.htm,博物館
/tc/residents/culture/performart/festivals/artsfestivals.htm,藝術節
/tc/residents/culture/performart/festivals/index.htm,文化藝術盛事
/tc/residents/culture/performart/hkorgan/index.htm,政府資助演藝團體
/tc/residents/culture/performart/index.htm,文化及藝術
/tc/residents/culture/performart/orch/hkorgan/index.htm,政府資助演藝團體
/tc/residents/culture/performart/orch/other/index.htm,其他演藝團體
/tc/residents/culture/performart/orchother/index.htm,其他演藝團體
/tc/residents/culture/performart/programmes/index.htm,文化節目
/tc/residents/culture/performart/programmes/interestclasses.htm,政府資助的興趣班
/tc/residents/culture/performart/programmes/musicdance.htm,音樂和舞蹈
/tc/residents/culture/performart/programmes/musictraineeportal.htm,音樂事務處學員網絡
/tc/residents/culture/performart/programmes/performart.htm,表演藝術欣賞
/tc/residents/culture/performart/urbtix/index.htm,城市售票網
/tc/residents/culture/performart/venues/index.htm,藝術場地
/tc/residents/culture/performart/venues/performancevenues.htm,表演場地
/tc/residents/culture/reading/cards/index.htm,圖書證
/tc/residents/culture/reading/index.htm,圖書館服務
/tc/residents/culture/reading/library/index.htm,圖書館服務
/tc/residents/culture/reading/library/services.htm,圖書館服務
/tc/residents/culture/reading/reading/index.htm,推廣項目及閱讀活動
/tc/residents/culture/recreation/activities/benefitsport.htm,運動的樂趣和益處
/tc/residents/culture/recreation/activities/cycling.htm,香港單車遊
/tc/residents/culture/recreation/activities/elderlyact.htm,適合長者參與的康樂及文化活動
/tc/residents/culture/recreation/activities/firstaid.htm,急救
/tc/residents/culture/recreation/activities/index.htm,康樂活動
/tc/residents/culture/recreation/activities/indoorfamily.htm,合家歡室內康樂及文化活動
/tc/residents/culture/recreation/activities/outdoorfamily.htm,戶外家庭活動
/tc/residents/culture/recreation/activities/photos.htm,攝影熱點
/tc/residents/culture/recreation/facilities/index.htm,康樂設施
/tc/residents/culture/recreation/facilities/lcsdemagservice.htm,康樂及文化事務署電子雜誌服務
/tc/residents/culture/recreation/facilities/sportsrecreation.htm,康體設施和其歷史起源、發展過程
/tc/residents/culture/recreation/index.htm,康樂及體育
/tc/residents/culture/recreation/leisurelink/index.htm,康體通
/tc/residents/culture/recreation/leisurelink/leisurelink.htm,康體通租訂設施及活動報名服務
/tc/residents/culture/recreation/leisurelinkpatron/index.htm,申請成為康體通用戶
/tc/residents/culture/recreation/organ/index.htm,體育團體
/tc/residents/culture/recreation/parks/index.htm,公園
/tc/residents/culture/recreation/parks/specialparks.htm,特色公園
/tc/residents/culture/recreation/sportevents/index.htm,大型體育活動及體育計劃
/tc/residents/culture/recreation/sportevents/sportevents.htm,大型體育活動及體育計劃
/tc/residents/culture/recreation/water/diving.htm,潛水安全貼士
/tc/residents/culture/recreation/water/index.htm,泳池、泳灘及水上運動
/tc/residents/culture/recreation/water/safetyatbeach.htm,泳灘安全
/tc/residents/culture/recreation/water/watersportscentre.htm,水上活動中心
/tc/residents/culture/trail/air/index.htm,空氣污染
/tc/residents/culture/trail/camps/index.htm,度假營及露營地點
/tc/residents/culture/trail/country/hknaturalscenery.htm,香港的自然景觀
/tc/residents/culture/trail/country/index.htm,郊野公園及遠足路徑
/tc/residents/culture/trail/country/outdoorincident.htm,如何在進行戶外活動時應付突發事故
/tc/residents/culture/trail/country/tips.htm,野營和遠足實用資訊
/tc/residents/culture/trail/greening/index.htm,綠化香港
/tc/residents/culture/trail/index.htm,郊野公園、遠足路徑及營地
/tc/residents/culture/trail/weather/index.htm,本港天氣
/tc/residents/culture/travel/index.htm,外遊提示
/tc/residents/culture/travel/travelout.htm,離港旅遊
/tc/residents/culture/,文化、康樂及運動
/tc/residents/education/continuinged/elderly/index.htm,長者進修
/tc/residents/education/continuinged/index.htm,持續教育、職業訓練及長者進修
/tc/residents/education/continuinged/training/index.htm,學術課程及職業訓練
/tc/residents/education/continuinged/training/options/adult.htm,成年人的持續進修選擇
/tc/residents/education/continuinged/training/options/index.htm,持續進修須知
/tc/residents/education/continuinged/training/options/students.htm,舊學制下中五及中七學生的升學選擇
/tc/residents/education/continuinged/Women/index.htm,為婦女及其家庭成員增強能力
/tc/residents/education/examination/index.htm,考試及評估
/tc/residents/education/financialassistance/continuinged/index.htm,持續進修資助
/tc/residents/education/financialassistance/index.htm,資助及獎學金
/tc/residents/education/financialassistance/postsecondary/assistances.htm,申請學生資助須知
/tc/residents/education/financialassistance/postsecondary/index.htm,專上及高等教育資助
/tc/residents/education/financialassistance/preprimary/index.htm,學前教育資助
/tc/residents/education/financialassistance/primary/index.htm,小學教育資助
/tc/residents/education/financialassistance/scholarshipshk/index.htm,可供申請的獎學金
/tc/residents/education/financialassistance/scholarships/index.htm,由學生資助處管理的獎學金
/tc/residents/education/financialassistance/secondary/index.htm,中學教育資助
/tc/residents/education/financialassistance/sfoelink/benefits.htm,使用「學資處電子通」服務的好處
/tc/residents/education/financialassistance/sfoelink/features.htm,「學資處電子通」服務
/tc/residents/education/financialassistance/sfoelink/index.htm,「學資處電子通」服務
/tc/residents/education/financialassistance/sfoelink/way_to_use.htm,使用「學資處電子通」服務的方法
/tc/residents/education/highlights/index.htm,焦點資訊、公眾參與及聯絡方法
/tc/residents/education/index.htm,教育及培訓
/tc/residents/education/postsecondary/financialassistance/index.htm,資助計劃及獎學金
/tc/residents/education/postsecondary/index.htm,專上教育
/tc/residents/education/postsecondary/institutions/index.htm,學校及入學資訊
/tc/residents/education/postsecondary/profiles/index.htm,專上教育概覽
/tc/residents/education/preprimary/educationsystem/index.htm,教育制度及課程
/tc/residents/education/preprimary/index.htm,學前教育
/tc/residents/education/preprimary/schools/choosingakindergarten/faq.htm,選擇幼稚園常見問題
/tc/residents/education/preprimary/schools/choosingakindergarten/index.htm,選擇幼稚園
/tc/residents/education/preprimary/schools/index.htm,學校資料
/tc/residents/education/primary/educationsystem/index.htm,教育制度及課程
/tc/residents/education/primary/examinationsassessments/index.htm,考試及評估
/tc/residents/education/primary/ilearnathome/index.htm,上網學習支援計劃 - 「一家一網 e 學習」
/tc/residents/education/primary/index.htm,小學教育
/tc/residents/education/primary/outofschoollearning/index.htm,校外學習
/tc/residents/education/primary/outofschoollearning/resources.htm,中小學生教學資源
/tc/residents/education/primary/preparefirstday.htm,為上小學做好準備
/tc/residents/education/primary/schools/firstday.htm,為上小學做好準備
/tc/residents/education/primary/schools/index.htm,學校及入學資訊
/tc/residents/education/qf/index.htm,資歷架構
/tc/residents/education/secondary/educationsystem/index.htm,教育制度及課程
/tc/residents/education/secondary/examinationsassessments/index.htm,考試及評估
/tc/residents/education/secondary/financialassistance/index.htm,資助計劃及獎學金
/tc/residents/education/secondary/futherstudies/index.htm,升學及就業資訊
/tc/residents/education/secondary/futherstudies/nonlocal.htm,非本地升學
/tc/residents/education/secondary/index.htm,中學教育
/tc/residents/education/secondary/outofschoollearning/index.htm,校外學習
/tc/residents/education/secondary/schools/choosingaschool.htm,選擇中學
/tc/residents/education/secondary/schools/index.htm,學校及入學資訊
/tc/residents/education/specialservice/index.htm,特殊及其他教育服務
/tc/residents/education/specialservice/nonlocal.htm,非本地升學
/tc/residents/education/specialservice/studyingoverseas.htm,海外升學
/tc/residents/education/vtc/index.htm,職業訓練及持續教育
/tc/residents/education/,教育及培訓
/tc/residents/employment/employee/conciliation.htm,如何尋求免費及自願性質的調停服務
/tc/residents/employment/employee/eeowedwages.htm,僱員在僱主無力償債時的權利
/tc/residents/employment/employee/index.htm,僱員保障及補償
/tc/residents/employment/employee/workinjury.htm,因工受傷索償須知
/tc/residents/employment/employee,僱員保障及補償
/tc/residents/employment/index.htm,就業
/tc/residents/employment/jobsearch/applygovtjobs.htm,申請政府職位
/tc/residents/employment/jobsearch/changingjobs.htm,轉職須知
/tc/residents/employment/jobsearch/employyoung.htm,僱用青年及兒童的法例規定
/tc/residents/employment/jobsearch/index.htm,求職
/tc/residents/employment/jobsearch/jobfairinfo.htm,大型招聘會資訊
/tc/residents/employment/jobsearch/jobhuntingtips.htm,求職貼士
/tc/residents/employment/jobsearch/jobhuntingyouth.htm,青年求職須知
/tc/residents/employment/jobsearch/lookingjob.htm,求職資訊及服務
/tc/residents/employment/jobsearch,求職
/tc/residents/employment/labour/discrimination.htm,工作間的歧視問題
/tc/residents/employment/labour/index.htm,勞工法例及指引
/tc/residents/employment/labour,勞工法例及指引
/tc/residents/employment/mpf/employees/eca.htm,僱員自選安排
/tc/residents/employment/mpf/employees/index.htm,僱員資訊
/tc/residents/employment/mpf/employees/planandtips.htm,退休計劃及貼士
/tc/residents/employment/mpf/employers/index.htm,僱主資訊
/tc/residents/employment/mpf/index.htm,強積金制度
/tc/residents/employment/mpf/selfemploy/index.htm,自僱人士資訊
/tc/residents/employment/mpf,強積金制度
/tc/residents/employment/recruitment/familyfriendly.htm,家庭友善僱傭措施
/tc/residents/employment/recruitment/foreigndomestichelper.htm,聘用外籍家庭傭工
/tc/residents/employment/recruitment/index.htm,招聘
/tc/residents/employment/recruitment/localdomestichelper.htm,聘用本地家務助理
/tc/residents/employment/recruitment/recruitmenttips.htm,僱主招聘錦囊
/tc/residents/employment/recruitment/terminateforeignhelper.htm,網上通知提前終止外籍家庭傭工僱傭合約
/tc/residents/employment/recruitment,招聘
/tc/residents/employment/registration/index.htm,註冊及申請執照
/tc/residents/employment/registration/wbrs.htm,機電工程署網上註冊服務
/tc/residents/employment/retraining/incentives/index.htm,就業補助
/tc/residents/employment/retraining/index.htm,政府補助及再培訓
/tc/residents/employment/retraining/retraining/index.htm,再培訓
/tc/residents/employment/retraining,政府補助及再培訓
/tc/residents/employment/safety/index.htm,職業安全及健康
/tc/residents/employment/safety/officeworkers.htm,辦公室員工的職業健康
/tc/residents/employment/workingoutsidehk/index.htm,在香港以外地區工作
/tc/residents/employment/workingoutsidehk,在香港以外地區工作
/tc/residents/employment/,就業
/tc/residents/environment/air/airquality.htm,香港的空氣質素
/tc/residents/environment/air/aqhi.htm,空氣質素健康指數
/tc/residents/environment/air/index.htm,空氣質素
/tc/residents/environment/air/raqi.htm,珠江三角洲空氣質素
/tc/residents/environment/business/cem.htm,企業環境管理
/tc/residents/environment/business/cppp.htm,清潔生產伙伴計劃
/tc/residents/environment/business/index.htm,商業與環保
/tc/residents/environment/business/laws.htm,環保條例與附屬規例
/tc/residents/environment/business/permits.htm,申領環境許可證及牌照
/tc/residents/environment/conservation/index.htm,自然保育
/tc/residents/environment/conservation/naturalenvplantsanimals.htm,香港的自然環境及動植物物種
/tc/residents/environment/conservation/naturalresourceconservation.htm,香港的自然資源及自然保育政策
/tc/residents/environment/conservation/protectendangerspecies.htm,保護瀕危物種
/tc/residents/environment/conservation/regoldvaluetree.htm,古樹名木冊
/tc/residents/environment/eap/eiareports.htm,展示給公眾提供意見的工程項目簡介及環評報告
/tc/residents/environment/eap/index.htm,環境影響評估與規劃
/tc/residents/environment/energy/efficiencylabel.htm,自願性能源效益標籤計劃
/tc/residents/environment/energy/energyandenv.htm,能源及環境
/tc/residents/environment/energy/index.htm,能源效益及節約
/tc/residents/environment/energy/mandatorylabel.htm,強制性能源效益標籤計劃
/tc/residents/environment/energy/renewableenergy.htm,可再生能源
/tc/residents/environment/global/climate.htm,氣候變化
/tc/residents/environment/global/index.htm,全球環境
/tc/residents/environment/global/ozone.htm,保護臭氧層
/tc/residents/environment/index.htm,環境
/tc/residents/environment/noise/airneighcomindnoise.htm,飛機噪音、鄰里噪音及工商業處所發出的噪音
/tc/residents/environment/noise/constructionnoise.htm,建築噪音
/tc/residents/environment/noise/index.htm,噪音
/tc/residents/environment/noise/noisepollutioninhk.htm,香港的噪音污染
/tc/residents/environment/noise/trafficnoise.htm,交通噪音
/tc/residents/environment/public/activities/envactivities.htm,環保活動
/tc/residents/environment/public/activities/envcentres.htm,環境教育展覽及環境資源中心
/tc/residents/environment/public/activities/index.htm,活動及計劃
/tc/residents/environment/public/enquiries/envenquiry.htm,環境問題查詢與投訴
/tc/residents/environment/public/enquiries/index.htm,查詢及投訴
/tc/residents/environment/public/enquiries/logpollutioncomplaint.htm,投訴污染個案
/tc/residents/environment/public/green/foodwise.htm,惜食
/tc/residents/environment/public/green/greenholiday.htm,節日環保貼士
/tc/residents/environment/public/green/greenoffice.htm,環保辦公室管理
/tc/residents/environment/public/green/greenrenovation.htm,有關家居裝修的環保貼士
/tc/residents/environment/public/green/greenshopping.htm,環保購物貼士
/tc/residents/environment/public/green/greentransport.htm,環保交通系統
/tc/residents/environment/public/green/helpcleanair.htm,齊心合力，改善空氣
/tc/residents/environment/public/green/index.htm,環保生活
/tc/residents/environment/public/green/saveenergy.htm,節約能源
/tc/residents/environment/public/green/tipsavewater.htm,節約用水貼士
/tc/residents/environment/public/green/wastereduction.htm,減少廢物及廢物分類
/tc/residents/environment/public/index.htm,公眾參與
/tc/residents/environment/sustainable/buildings.htm,環保建築
/tc/residents/environment/sustainable/dev.htm,可持續發展
/tc/residents/environment/sustainable/greening.htm,綠化香港
/tc/residents/environment/sustainable/index.htm,可持續發展
/tc/residents/environment/waste/constructionwaste.htm,建築廢物
/tc/residents/environment/waste/index.htm,廢物及回收
/tc/residents/environment/waste/msw.htm,都市固體廢物
/tc/residents/environment/waste/wasterecycinhk.htm,香港的廢物與回收情況
/tc/residents/environment/waste/wasteredrecyc.htm,廢物減量及回收
/tc/residents/environment/water/beachwater.htm,泳灘水質
/tc/residents/environment/water/drinkingwater.htm,香港食水水質
/tc/residents/environment/water/harbourarea.htm,淨化海港計劃
/tc/residents/environment/water/index.htm,水質
/tc/residents/environment/water/introtowater.htm,香港的水質概況
/tc/residents/environment/water/marinewater.htm,香港的海水水質
/tc/residents/environment/water/riverwater.htm,河溪水質
/tc/residents/environment/water/sewagetreatment.htm,污水處理及排污收費
/tc/residents/environment/water/usereclaimedwater.htm,使用「再造水」
/tc/residents/environment/,環境
/tc/residents/forms/?tab=life,常用政府表格 - 生活事件
/tc/residents/forms/,常用政府表格(本港居民)
/tc/residents/forms/,常用政府表格 - 服務
/tc/residents/government/crime/crimes/index.htm,罪案
/tc/residents/government/crime/crimes/statistics.htm,罪案統計數字
/tc/residents/government/crime/index.htm,治安
/tc/residents/government/crime/rehabilitation/index.htm,為在囚人士提供的更生計劃
/tc/residents/government/crime/rehabilitation/rehabilitation.htm,為在囚人士提供的更生計劃
/tc/residents/government/crime/services/index.htm,警隊服務
/tc/residents/government/external/index.htm,對外事務
/tc/residents/government/index.htm,政府、法律及治安
/tc/residents/government/law/basic_law/index.htm,基本法
/tc/residents/government/law/index.htm,香港法律
/tc/residents/government/law/legal/index.htm,香港的法律制度
/tc/residents/government/law/ordinances/index.htm,香港法例
/tc/residents/government/legal/advice/advice.htm,如何尋求法律諮詢及支援
/tc/residents/government/legal/advice/index.htm,如何尋求法律諮詢及支援
/tc/residents/government/legal/aid/index.htm,法律援助 - 法律援助署負責管理兩類法律援助計劃
/tc/residents/government/legal/duty/index.htm,當值律師服務
/tc/residents/government/legal/index.htm,法律諮詢及支援
/tc/residents/government/payment/e-cheque.htm,「電子支票支付」網站
/tc/residents/government/payment/egdns.htm,登入電子一般繳款單查詢
/tc/residents/government/payment/index.htm,繳交政府帳單
/tc/residents/government/policy/budget/index.htm,財政預算案演辭
/tc/residents/government/policy/government_accounts/index.htm,政府帳目
/tc/residents/government/policy/government_reports/index.htm,政府報告
/tc/residents/government/policy/government_reports/reports/index.htm,特別小組報告書和獨立調查報告
/tc/residents/government/policy/index.htm,政府帳目及報告
/tc/residents/government/policy/policyaddress/index.htm,施政報告
/tc/residents/government/political/index.htm,政府架構
/tc/residents/government/publication/consultation/1998.htm,資料庫中的諮詢文件 (1997年-1998年)
/tc/residents/government/publication/consultation/1999.htm,資料庫中的諮詢文件 (1999年)
/tc/residents/government/publication/consultation/2000.htm,資料庫中的諮詢文件 (2000年)
/tc/residents/government/publication/consultation/2001.htm,資料庫中的諮詢文件 (2001年)
/tc/residents/government/publication/consultation/2002.htm,資料庫中的諮詢文件 (2002年)
/tc/residents/government/publication/consultation/2003.htm,資料庫中的諮詢文件 (2003年)
/tc/residents/government/publication/consultation/2004.htm,資料庫中的諮詢文件 (2004年)
/tc/residents/government/publication/consultation/2005.htm,資料庫中的諮詢文件 (2005年)
/tc/residents/government/publication/consultation/2006.htm,資料庫中的諮詢文件 (2006年)
/tc/residents/government/publication/consultation/2007.htm,資料庫中的諮詢文件(2007年)
/tc/residents/government/publication/consultation/2008.htm,資料庫中的諮詢文件(2008年)
/tc/residents/government/publication/consultation/2009.htm,資料庫中的諮詢文件(2009年)
/tc/residents/government/publication/consultation/2010.htm,資料庫中的諮詢文件(2010)
/tc/residents/government/publication/consultation/2011.htm,資料庫中的諮詢文件(2011)
/tc/residents/government/publication/consultation/2012.htm,資料庫中的諮詢文件 (2012)
/tc/residents/government/publication/consultation/2013.htm,資料庫中的諮詢文件 (2013)
/tc/residents/government/publication/consultation/2014.htm,資料庫中的諮詢文件 (2014)
/tc/residents/government/publication/consultation/2015.htm,資料庫中的諮詢文件 (2015)
/tc/residents/government/publication/consultation/2016.htm,資料庫中的諮詢文件 (2016)
/tc/residents/government/publication/consultation/2017.htm,資料庫中的諮詢文件 (2017)
/tc/residents/government/publication/consultation/archives.htm,資料庫中的諮詢文件
/tc/residents/government/publication/consultation/current.htm,現正刊登的諮詢文件
/tc/residents/government/publication/consultation/index.htm,諮詢文件
/tc/residents/government/publication/contacts/channel/index.htm,查詢及投訴渠道
/tc/residents/government/publication/contacts/index.htm,與政府及有關機構聯絡
/tc/residents/government/publication/gazette/index.htm,憲報
/tc/residents/government/publication/gazette/notification.htm,接收政府憲報的出版通知
/tc/residents/government/publication/index.htm,政府資訊及刊物
/tc/residents/government/publication/photo/index.htm,政府圖片資料庫
/tc/residents/government/publication/photo/photostore.htm,網上購買政府圖片檔案
/tc/residents/government/publication/photostore/index.htm,政府圖片資料庫
/tc/residents/government/publication/publication/bookstore.htm,網上政府書店購買政府刊物
/tc/residents/government/publication/publication/index.htm,政府刊物
/tc/residents/government/publication/tv/index.htm,政府電視宣傳短片
/tc/residents/government/rights/consumer/index.htm,保障消費者
/tc/residents/government/rights/givenotice/givenotice.htm,如何申請在本港舉行公眾集會或遊行
/tc/residents/government/rights/givenotice/index.htm,如何申請在本港舉行公眾集會或遊行
/tc/residents/government/rights/index.htm,權益
/tc/residents/government/rights/individuals/index.htm,個人權利
/tc/residents/government/rights/individuals/individuals.htm,個人權利
/tc/residents/government/voting/index.htm,選舉
/tc/residents/government/,政府、法律及治安
/tc/residents/health/addictions/drugs/index.htm,濫用藥物
/tc/residents/health/addictions/index.htm,濫藥及其他成癮
/tc/residents/health/addictions/other/alcohol.htm,飲酒與健康
/tc/residents/health/addictions/other/index.htm,其他成癮
/tc/residents/health/addictions/smoking/index.htm,戒煙及控煙
/tc/residents/health/addictions/smoking/tobaccocontrol.htm,戒煙與控煙
/tc/residents/health/childhealth/index.htm,兒童健康
/tc/residents/health/childhealth/parenting.htm,親職教育
/tc/residents/health/chinesemedicine/index.htm,中醫藥
/tc/residents/health/commdiseases/index.htm,傳染病
/tc/residents/health/donation/index.htm,捐贈
/tc/residents/health/foodsafe/fivekeys.htm,食物安全五要點
/tc/residents/health/foodsafe/foodsafetycharter.htm,食物安全「誠」諾
/tc/residents/health/foodsafe/foodsafety.htm,食物安全與衞生
/tc/residents/health/foodsafe/healthyeating.htm,健康飲食
/tc/residents/health/foodsafe/index.htm,食物安全及營養
/tc/residents/health/foodsafe/nutrition.htm,使用營養標籤
/tc/residents/health/foodsafe/organiceating.htm,有機飲食
/tc/residents/health/healthadvice/accident/index.htm,預防意外及中毒
/tc/residents/health/healthadvice/healthcare/childshealth.htm,兒童健康
/tc/residents/health/healthadvice/healthcare/elderlyhealth.htm,長者的健康護理
/tc/residents/health/healthadvice/healthcare/exercise.htm,運動與營養
/tc/residents/health/healthadvice/healthcare/eyecare.htm,眼晴護理
/tc/residents/health/healthadvice/healthcare/index.htm,一般健康護理
/tc/residents/health/healthadvice/healthcare/keepwarm.htm,冬日健康須知
/tc/residents/health/healthadvice/healthcare/summerhealth.htm,夏日保健錦囊
/tc/residents/health/healthadvice/healthcare/womenhealth.htm,婦女健康
/tc/residents/health/healthadvice/index.htm,健康須知及疾病預防
/tc/residents/health/healthadvice/periodicals/index.htm,期刊
/tc/residents/health/healthadvice/prevention/index.htm,疾病預防
/tc/residents/health/healthadvice/travel/index.htm,旅遊健康
/tc/residents/health/hosp/eHRSS.htm,電子健康紀錄互通系統
/tc/residents/health/hosp/index.htm,醫院及診所
/tc/residents/health/hosp/overview.htm,香港醫療體制簡介
/tc/residents/health/index.htm,保健及醫療服務
/tc/residents/health/medianddevice/index.htm,藥物及醫療儀器
/tc/residents/health/mental/index.htm,心理健康
/tc/residents/health/mental/mentalhealth.htm,你的心理健康
/tc/residents/health/rehab/caringexmentallyill.htm,照顧精神病康復者
/tc/residents/health/rehab/caringmentallyhandicapped.htm,照顧弱智人士
/tc/residents/health/rehab/chronicpatients.htm,照顧長期病患者
/tc/residents/health/rehab/index.htm,康復及支援
/tc/residents/health/sexedu/afterbirth.htm,產後護理
/tc/residents/health/sexedu/givingbirth.htm,分娩
/tc/residents/health/sexedu/index.htm,性及生育健康
/tc/residents/health/sexedu/pregnancy.htm,懷孕
/tc/residents/health/,保健及醫療服務
/tc/residents/housing/index.htm,房屋及社會服務
/tc/residents/housing/maintenance/electricalsafety/index.htm,家電安全
/tc/residents/housing/maintenance/energysaving/index.htm,節省家居能源
/tc/residents/housing/maintenance/fireprevention/firesafetyathome.htm,家居防火安全
/tc/residents/housing/maintenance/fireprevention/index.htm,家居防火安全
/tc/residents/housing/maintenance/gassafety/index.htm,家居氣體安全
/tc/residents/housing/maintenance/hygiene/index.htm,居住環境衛生及清潔
/tc/residents/housing/maintenance/index.htm,家居保養、衛生及安全
/tc/residents/housing/maintenance/seepage/index.htm,家居滲水
/tc/residents/housing/maintenance/tips/homemaintenance.htm,家居保養及維修
/tc/residents/housing/maintenance/tips/index.htm,家居保養提示
/tc/residents/housing/maintenance/tips/takecarepet.htm,照顧你的寵物須知
/tc/residents/housing/maintenance/windowinspect/index.htm,強制驗窗計劃
/tc/residents/housing/maintenance,家居保養、衛生及安全
/tc/residents/housing/moving/coa_form.htm,更改地址表格/資訊一覽表
/tc/residents/housing/moving/coa.htm,使用地址更改服務
/tc/residents/housing/moving/index.htm,家居搬遷
/tc/residents/housing/moving/movinghome.htm,家居搬遷準備
/tc/residents/housing/moving,家居搬遷
/tc/residents/housing/postal/circular.htm,通函郵寄服務
/tc/residents/housing/postal/ecship.htm,「投寄易」網上平台
/tc/residents/housing/postal/index.htm,郵政服務
/tc/residents/housing/postal/myspeedpost.htm,我的特快專遞
/tc/residents/housing/postal/shopthrupost.htm,「郵購網」網上購物服務
/tc/residents/housing/postal/stamponnet.htm,「網上郵」服務
/tc/residents/housing/postal,郵政服務
/tc/residents/housing/private/buildinginspect/index.htm,強制驗樓計劃
/tc/residents/housing/private/buying/buyingDomesticProperty.htm,購買住宅物業
/tc/residents/housing/private/buying/homeowners.htm,業主的責任
/tc/residents/housing/private/buying/index.htm,租售物業
/tc/residents/housing/private/buying/leasingDomesticProperty.htm,出租住宅物業
/tc/residents/housing/private/buying/purchasingFirstHandProperty.htm,購買一手住宅物業的注意事項
/tc/residents/housing/private/buying/rentingDomesticProperty.htm,承租住宅物業
/tc/residents/housing/private/buying/sellingDomesticProperty.htm,出售住宅物業
/tc/residents/housing/private/corporation/index.htm,業主立案法團
/tc/residents/housing/private/electricity/index.htm,電力及氣體
/tc/residents/housing/private/fire/index.htm,大廈消防安全
/tc/residents/housing/private/index.htm,私人物業及大廈管理
/tc/residents/housing/private/landrecords/bravo.htm,百樓圖網系統
/tc/residents/housing/private/landrecords/deedregister.htm,契約註冊
/tc/residents/housing/private/landrecords/index.htm,土地紀錄及物業資料庫
/tc/residents/housing/private/landrecords/searchlandrecord.htm,查閱土地紀錄
/tc/residents/housing/private/lift/index.htm,升降機
/tc/residents/housing/private/rate/changepayers.htm,更改差餉及地租繳納人的資料
/tc/residents/housing/private/rate/ervdbillservice.htm,電子差餉地租單服務
/tc/residents/housing/private/rate/governmentrent.htm,地租或地稅
/tc/residents/housing/private/rate/index.htm,差餉及地租
/tc/residents/housing/private/rate/ratesenquiry.htm,網上查詢差餉及地租帳目
/tc/residents/housing/private/slope/index.htm,斜坡資訊
/tc/residents/housing/publichousing/elderlyhousing.htm,長者房屋
/tc/residents/housing/publichousing/eservicesforapplicants.htm,房屋委員會公共租住房屋申請人電子服務
/tc/residents/housing/publichousing/eservicesfortenants.htm,房屋委員會公屋住戶電子服務
/tc/residents/housing/publichousing/hebros.htm,房屋署圖則查閱網
/tc/residents/housing/publichousing/index.htm,公共房屋及資助置業計劃
/tc/residents/housing/securityassistance/emergency/index.htm,緊急援助
/tc/residents/housing/securityassistance/index.htm,社會保障及援助
/tc/residents/housing/securityassistance/socialsecurity/index.htm,社會保障
/tc/residents/housing/securityassistance/socialsecurity/SocialInclusion.htm,促進社會共融
/tc/residents/housing/securityassistance/socialsecurity/socialsecurity.htm,社會保障如何協助市民大眾
/tc/residents/housing/securityassistance,社會保障及援助
/tc/residents/housing/socialservices/community/index.htm,社區設施
/tc/residents/housing/socialservices/crisissupport/index.htm,危機支援
/tc/residents/housing/socialservices/disabilities/disableservices.htm,為殘疾人士提供的服務與支援
/tc/residents/housing/socialservices/disabilities/index.htm,殘疾人士服務
/tc/residents/housing/socialservices/disabilities/SocialInclusion.htm,促進社會共融
/tc/residents/housing/socialservices/elderly/elderlyservices.htm,為長者提供的社會服務及福利
/tc/residents/housing/socialservices/elderly/index.htm,長者服務
/tc/residents/housing/socialservices/family/Divorce.htm,離婚須知
/tc/residents/housing/socialservices/family/Harmony.htm,家庭和諧
/tc/residents/housing/socialservices/family/index.htm,家庭服務及支援
/tc/residents/housing/socialservices/index.htm,社會服務
/tc/residents/housing/socialservices/newarrivals/index.htm,新移民服務
/tc/residents/housing/socialservices/newarrivals/SocialInclusion.htm,促進社會共融
/tc/residents/housing/socialservices/womenemployment/index.htm,為婦女提供的就業及支援服務
/tc/residents/housing/socialservices/youth/index.htm,兒童及青少年服務
/tc/residents/housing/socialservices/youth/SocialInclusion.htm,促進社會共融
/tc/residents/housing/socialservices,社會服務
/tc/residents/housing/volunteering/index.htm,義工服務及慈善活動
/tc/residents/housing/volunteering,義工服務及慈善活動
/tc/residents/housing/water/accounts/index.htm,供水帳戶及水錶
/tc/residents/housing/water/accounts/watersupplyeservices.htm,水務署電子服務
/tc/residents/housing/water/Conservation/index.htm,節約用水
/tc/residents/housing/water/flooding/index.htm,防洪
/tc/residents/housing/water/index.htm,用水及排污
/tc/residents/housing/water/quality/index.htm,食水水質
/tc/residents/housing/water/tariffs/index.htm,水費及排污費
/tc/residents/housing/water,用水及排污
/tc/residents/housing/,房屋及社會服務
/tc/residents/immigration/bdmreg/applybdm.htm,網上申請翻查出生、死亡或婚姻登記紀錄，或相關的核證副本
/tc/residents/immigration/bdmreg/applycamr.htm,網上申請無結婚紀錄證明書
/tc/residents/immigration/bdmreg/birth/address/mapgro.htm,生死登記總處位置圖
/tc/residents/immigration/bdmreg/birth/address/mapkbr.htm,九龍出生登記處位置圖
/tc/residents/immigration/bdmreg/birth/address/mapstbr.htm,沙田區出生登記處位置圖
/tc/residents/immigration/bdmreg/birth/address/maptmbr.htm,屯門出生登記處位置圖
/tc/residents/immigration/bdmreg/birth/birthreg/bookbirthreg.htm,預約辦理出生登記
/tc/residents/immigration/bdmreg/birth/birthreg/onlinesubmissionbirthreg.htm,網上遞交出生登記所需資料
/tc/residents/immigration/bdmreg/birth/index.htm,出生登記
/tc/residents/immigration/bdmreg/bookgivingmarriage.htm,網上預約遞交擬結婚通知書
/tc/residents/immigration/bdmreg/death/address/mapgro.htm,生死登記總處位置圖
/tc/residents/immigration/bdmreg/death/address/maphkdr.htm,港島死亡登記處位置圖
/tc/residents/immigration/bdmreg/death/address/mapkdr.htm,九龍死亡登記處位置圖
/tc/residents/immigration/bdmreg/death/index.htm,死亡登記
/tc/residents/immigration/bdmreg/death/serviceforbereaved.htm,為離世者親屬提供的服務及支援
/tc/residents/immigration/bdmreg/index.htm,出生、死亡及婚姻登記
/tc/residents/immigration/bdmreg/marriage/address/mapchmr.htm,大會堂婚姻登記處位置圖
/tc/residents/immigration/bdmreg/marriage/address/mapctdmr.htm,紅棉路婚姻登記處位置圖
/tc/residents/immigration/bdmreg/marriage/address/mapmro.htm,婚姻登記事務及紀錄辦事處位置圖
/tc/residents/immigration/bdmreg/marriage/address/mapstmr.htm,沙田婚姻登記處位置圖
/tc/residents/immigration/bdmreg/marriage/address/maptmmr.htm,屯門婚姻登記處位置圖
/tc/residents/immigration/bdmreg/marriage/address/maptstmr.htm,尖沙咀婚姻登記處位置圖
/tc/residents/immigration/bdmreg/marriage/address/photochmr.htm,大會堂婚姻登記處實景圖
/tc/residents/immigration/bdmreg/marriage/address/photoctdmr.htm,紅棉路婚姻登記處實景圖
/tc/residents/immigration/bdmreg/marriage/address/photostmr.htm,沙田婚姻登記處實景圖
/tc/residents/immigration/bdmreg/marriage/address/phototmmr.htm,屯門婚姻登記處實景圖
/tc/residents/immigration/bdmreg/marriage/address/phototstmr.htm,尖沙咀婚姻登記處實景圖
/tc/residents/immigration/bdmreg/marriage/bookgivingmarriage.htm,預約遞交擬結婚通知書
/tc/residents/immigration/bdmreg/marriage/gettingmarried.htm,結婚事宜
/tc/residents/immigration/bdmreg/marriage/index.htm,婚姻登記
/tc/residents/immigration/bdmreg/marriage/onlinemarriagereq.htm,網上遞交婚姻登記所需資料
/tc/residents/immigration/chinese/index.htm,中國國籍
/tc/residents/immigration/chinese/law.htm,中華人民共和國國籍法
/tc/residents/immigration/control/clearance.htm,出入境檢查
/tc/residents/immigration/control/general.htm,出入境管制簡介
/tc/residents/immigration/control/index.htm,出入境管制
/tc/residents/immigration/idcard/changedvappointment.htm,網上更改／查詢有關申請核實永久性居民身份證資格查核證明文件的預約
/tc/residents/immigration/idcard/coe/index.htm,申請居留權證明書
/tc/residents/immigration/idcard/hkic/bookregidcard.htm,網上預約申領身份證(人事登記辦事處)
/tc/residents/immigration/idcard/hkic/faq_oahkic.htm,常見問題 - 網上預約申領香港身份證
/tc/residents/immigration/idcard/hkic/index.htm,香港身份證
/tc/residents/immigration/idcard/hkic/newicbooking.htm,網上預約換領身份證(全港市民換領身份證計劃)
/tc/residents/immigration/idcard/index.htm,香港身份證及居留權
/tc/residents/immigration/idcard/onlineverifypic.htm,網上申請核實永久性居民身份證資格
/tc/residents/immigration/idcard/roa/eligible/loss.htm,喪失香港永久性居民身份的情況
/tc/residents/immigration/idcard/roa/index.htm,居留權
/tc/residents/immigration/idcard/submitsupplementdoc.htm,網上遞交補充文件
/tc/residents/immigration/idcard/verifypic.htm,核實永久性居民身份證資格的網上服務
/tc/residents/immigration/index.htm,入境事務
/tc/residents/immigration/investigation/index.htm,網上舉報違反入境條例罪行
/tc/residents/immigration/investigation/onlinereportoffence.htm,網上舉報違反入境條例罪行
/tc/residents/immigration/nonpermanent/applyextensionstay/fdh.htm,網上申請延長逗留期限﹝適用於外籍家庭傭工﹞
/tc/residents/immigration/nonpermanent/applyextensionstay.htm,網上申請延長逗留期限
/tc/residents/immigration/nonpermanent/applyextensionstay/index.htm,網上申請延長逗留期限
/tc/residents/immigration/nonpermanent/applyextensionstay/othernpr.htm,網上申請延長逗留期限﹝適用於其他非永久性居民﹞
/tc/residents/immigration/nonpermanent/applyextensionstay/submitsupplementdoc.htm,網上遞交補充文件﹝適用於已透過香港政府一站通網上遞交的延長逗留期限申請﹞
/tc/residents/immigration/nonpermanent/apprefnumber.htm,申請檔案編號及交易參考編號
/tc/residents/immigration/nonpermanent/appstatusenq.htm,網上查詢申請狀況
/tc/residents/immigration/nonpermanent/bookextensionstay.htm,預約申請延長逗留期限
/tc/residents/immigration/nonpermanent/index.htm,為非永久性居民提供的服務
/tc/residents/immigration/nonpermanent/limitofstay.htm,現行的逗留期限
/tc/residents/immigration/nonpermanent/secondgenerationhkpr/index.htm,網上申請輸入中國籍香港永久性居民第二代計劃
/tc/residents/immigration/outsidehk/index.htm,協助在外的香港居民服務
/tc/residents/immigration/outsidehk/roti.htm,外遊提示登記服務
/tc/residents/immigration/records/index.htm,索取資料及紀錄
/tc/residents/immigration/records/onlineaccessinfo.htm,網上申請索取入境事務處資料
/tc/residents/immigration/tips/index.htm,小幫手
/tc/residents/immigration/tips/loseid.htm,遺失身份證及香港特區旅行證件應怎麼辦
/tc/residents/immigration/traveldoc/hksarpassport/applyhkpassport.htm,網上申請香港特別行政區護照
/tc/residents/immigration/traveldoc/hksarpassport/bookingcollect.htm,網上預約領取香港特別行政區護照或簽證身份書
/tc/residents/immigration/traveldoc/hksarpassport/booktraveldoc.htm,預約申請旅行證件
/tc/residents/immigration/traveldoc/hksarpassport/faqpassport.htm,關於香港特別行政區護照的常見問題
/tc/residents/immigration/traveldoc/index.htm,香港特區旅行證件
/tc/residents/immigration/traveldoc/permit/faqpermit.htm,有關香港特別行政區回港證的常見問題
/tc/residents/immigration/traveldoc/referbooking.htm,網上香港特區旅行證件預約服務
/tc/residents/immigration/,入境事務
/tc/residents/onlineservices/,網上服務
/tc/residents/onlineservices/,網上服務(本港居民)
/tc/residents/taxes/businessreg/index.htm,商業登記
/tc/residents/taxes/commodities/index.htm,應課稅品
/tc/residents/taxes/etax/e_notices.htm,電子通知書、文件及提示信息
/tc/residents/taxes/etax/etax_account.htm,「稅務易」帳戶
/tc/residents/taxes/etax/etax_password.htm,「稅務易」通行密碼
/tc/residents/taxes/etax/faq/faq_about_efiling_er.htm,僱主電子報稅服務的常見問題
/tc/residents/taxes/etax/faq/faq_about_efiling_pfr.htm,網上填報利得稅報稅表的常見問題
/tc/residents/taxes/etax/faq/faq_about_etax_technical.htm,「稅務易」的常見技術問題
/tc/residents/taxes/etax/faq/faq_about_request_to_amend.htm,要求修訂評稅及／或暫繳稅的常見問題
/tc/residents/taxes/etax/faq/faq_about_tax_position.htm,稅務狀況的常見問題
/tc/residents/taxes/etax/faq/faqs_about_efiling.htm,以電子方式提交個別人士報稅表的常見問題
/tc/residents/taxes/etax/faq/faqs_about_e_notices.htm,電子通知書、文件及提示信息的常見問題
/tc/residents/taxes/etax/faq/faqs_about_etax_account.htm,「稅務易」帳戶的常見問題
/tc/residents/taxes/etax/faq/faqs_about_mobile_access.htm,以流動裝置使用「稅務易」的常見問題
/tc/residents/taxes/etax/faq/index.htm,「稅務易」的常見問題
/tc/residents/taxes/etax/index.htm,「稅務易」
/tc/residents/taxes/etax/information/etax_security_statement.htm,「稅務易」保安聲明
/tc/residents/taxes/etax/information/index.htm,「稅務易」簡介
/tc/residents/taxes/etax/information/know_more_about_etax.htm,認識「稅務易」
/tc/residents/taxes/etax/services/application_for_business_registration.htm,申請商業或分行登記
/tc/residents/taxes/etax/services/application_for_exemption_br.htm,申請豁免繳付商業登記費及徵費
/tc/residents/taxes/etax/services/application_for_supply_of_information_on_the_br.htm,申索商業登記冊內的資料
/tc/residents/taxes/etax/services/block_ext_scheme_elodgement.htm,稅務代表申請整批延期提交本年度的報稅表
/tc/residents/taxes/etax/services/brn_enquiry.htm,查詢商業登記號碼
/tc/residents/taxes/etax/services/change_of_br.htm,更改商業登記資料
/tc/residents/taxes/etax/services/change_of_personal_particulars.htm,更改用戶資料及通行密碼
/tc/residents/taxes/etax/services/completion_pfr.htm,填寫利得稅報稅表
/tc/residents/taxes/etax/services/efiling_er.htm,提交僱主報税表 / 通知書
/tc/residents/taxes/etax/services/filing_of_ptr_bir57.htm,提交聯名物業的物業稅報稅表(BIR57)
/tc/residents/taxes/etax/services/filing_of_tax_return_bir60.htm,提交個別人士報稅表 (BIR60)
/tc/residents/taxes/etax/services/index.htm,「稅務易」提供的服務
/tc/residents/taxes/etax/services/payment_of_tax_bill.htm,繳付稅款、商業登記費及印花稅
/tc/residents/taxes/etax/services/purchase_of_trc.htm,購買儲稅券
/tc/residents/taxes/etax/services/request_to_amend_tax.htm,要求修訂評稅及／或暫繳稅
/tc/residents/taxes/etax/services/stamp_duty_computation.htm,計算印花稅（物業）
/tc/residents/taxes/etax/services/stamping_of_property_document.htm,為物業文件加蓋印花
/tc/residents/taxes/etax/services/stock_borrowing_relief.htm,證券借用寬免
/tc/residents/taxes/etax/services/submission_pfr.htm,提交利得稅報稅表
/tc/residents/taxes/etax/services/tax_computation.htm,計算薪俸稅及個人入息課稅
/tc/residents/taxes/etax/services/view_etax_account.htm,檢視「稅務易」帳戶、稅務狀況及信息
/tc/residents/taxes/etax/services/viewing_of_ptr_bir57.htm,檢視聯名物業的物業稅報稅表 (BIR57)
/tc/residents/taxes/etax/services/viewing_pfr.htm,檢視利得稅報稅表
/tc/residents/taxes/index.htm,稅務及應課稅品
/tc/residents/taxes/motortax/index.htm,汽車首次登記稅
/tc/residents/taxes/profits/index.htm,自僱人士課繳的利得稅
/tc/residents/taxes/profits/taxobligations.htm,自僱人士的稅務責任
/tc/residents/taxes/property/deduction/index.htm,租金收入的稅項扣除
/tc/residents/taxes/property/deduction/irrecoverable.htm,不能追回的租金
/tc/residents/taxes/property/deduction/statutory.htm,修葺及支出的標準免稅額
/tc/residents/taxes/property/index.htm,物業稅
/tc/residents/taxes/property/propertycompute.htm,怎樣計算物業稅
/tc/residents/taxes/property/propertyincome.htm,出租收入
/tc/residents/taxes/property/propertyobligations.htm,業主的稅務責任
/tc/residents/taxes/salaries/allowances/allowances/7years.htm,最近7年的免稅額
/tc/residents/taxes/salaries/allowances/allowances/allowances.htm,免稅額
/tc/residents/taxes/salaries/allowances/allowances/claim.htm,如何申索免稅額
/tc/residents/taxes/salaries/allowances/allowances/index.htm,基本及其他免稅額
/tc/residents/taxes/salaries/allowances/deductions/approveddonation.htm,認可慈善捐款
/tc/residents/taxes/salaries/allowances/deductions/elderly.htm,長者住宿照顧開支扣除
/tc/residents/taxes/salaries/allowances/deductions/homeloan.htm,居所貸款利息扣除
/tc/residents/taxes/salaries/allowances/deductions/index.htm,稅項扣除
/tc/residents/taxes/salaries/allowances/deductions/mpf.htm,強制性公積金計劃或認可職業退休計劃供款扣稅簡介
/tc/residents/taxes/salaries/allowances/deductions/selfeducation.htm,個人進修開支扣除
/tc/residents/taxes/salaries/allowances/index.htm,免稅額及稅項扣除
/tc/residents/taxes/salaries/firsttime/index.htm,首次申報的納稅人
/tc/residents/taxes/salaries/index.htm,薪俸稅及個人入息課稅
/tc/residents/taxes/salaries/personal/index.htm,個人入息課稅
/tc/residents/taxes/salaries/personal/personaleligibility.htm,申請個人入息課稅的資格
/tc/residents/taxes/salaries/personal/personalreduction/index.htm,個人入息課稅的稅項寬減
/tc/residents/taxes/salaries/personal/personalreduction/personalassessment.htm,個人入息課稅 是否可減輕稅務負擔
/tc/residents/taxes/salaries/personal/personalreduction/treatment.htm,已婚人士選擇個人入息課稅的處理方式
/tc/residents/taxes/salaries/salariestax/chargeable/backpay.htm,補發薪金、約滿酬金、延付薪酬及補發欠薪
/tc/residents/taxes/salaries/salariestax/chargeable/holiday.htm,度假旅程福利
/tc/residents/taxes/salaries/salariestax/chargeable/index.htm,須課稅及不須課稅的入息
/tc/residents/taxes/salaries/salariestax/chargeable/options.htm,股份獎賞 和 股份認購權利益 如何課繳薪俸稅
/tc/residents/taxes/salaries/salariestax/chargeable/residence.htm,僱主提供居所給僱員怎樣計稅
/tc/residents/taxes/salaries/salariestax/chargeable/termination.htm,離職時收取的款項
/tc/residents/taxes/salaries/salariestax/employeeobligations.htm,僱員的稅務責任
/tc/residents/taxes/salaries/salariestax/exemption/employee.htm,如何在報稅表申報入息
/tc/residents/taxes/salaries/salariestax/exemption/index.htm,薪俸稅下申請全部或部分入息豁免徵稅或申請稅收抵免
/tc/residents/taxes/salaries/salariestax/index.htm,薪俸稅
/tc/residents/taxes/salaries/salariestax/jointassessment.htm,夫婦分開評稅或合併評稅
/tc/residents/taxes/stamp/documents_for_stamping.htm,須加蓋印花的文件及人士
/tc/residents/taxes/stamp/index.htm,印花稅
/tc/residents/taxes/stamp/late_stamping.htm,逾期加蓋印花及未有為文件加蓋印花
/tc/residents/taxes/stamp/methods_of_stamping.htm,加蓋印花的方法
/tc/residents/taxes/stamp/refund.htm,退款、申請裁定及反對評稅
/tc/residents/taxes/stamp/stamp_duty_rates.htm,印花稅收費
/tc/residents/taxes/stamp/time_limit_for_stamping.htm,加蓋印花的期限及延期繳交住宅物業交易印花稅
/tc/residents/taxes/stamp/timelimit/index.htm,加蓋印花的期限及未有為文件加蓋印花
/tc/residents/taxes/stamp/timelimit/late_stamping.htm,逾期加蓋印花及未有為文件加蓋印花
/tc/residents/taxes/stamp/timelimit/time_limit_for_stamping.htm,加蓋印花的期限及延期繳交住宅物業交易印花稅
/tc/residents/taxes/stamp/timelimit/validity_of_unstamped_documents.htm,未加蓋印花文件的有效性及不足代價
/tc/residents/taxes/stamp/validity_of_unstamped_documents.htm,未加蓋印花文件的有效性及不足代價
/tc/residents/taxes/taxfiling/computation/index.htm,計算稅款
/tc/residents/taxes/taxfiling/consequences/applicationip.htm,申請分期繳稅
/tc/residents/taxes/taxfiling/consequences/consequencenotpaytax.htm,不依時繳稅的後果
/tc/residents/taxes/taxfiling/consequences/index.htm,追討欠稅
/tc/residents/taxes/taxfiling/consequences/recovertax.htm,追討拖欠稅款的措施
/tc/residents/taxes/taxfiling/consequences/respondingwrit.htm,就稅款申索作出的回應
/tc/residents/taxes/taxfiling/filing/completion.htm,填寫及提交報稅表
/tc/residents/taxes/taxfiling/filing/e_supplement.htm,更正或補充已透過互聯網提交的報稅表
/tc/residents/taxes/taxfiling/filing/index.htm,提交報稅表
/tc/residents/taxes/taxfiling/filing/types/index.htm,報稅表類別
/tc/residents/taxes/taxfiling/filing/types/profitstax.htm,利得稅報稅表
/tc/residents/taxes/taxfiling/index.htm,提交報稅表、查詢及繳稅
/tc/residents/taxes/taxfiling/object/disputepayment.htm,繳付所爭議的稅款及獲緩繳稅款的利息
/tc/residents/taxes/taxfiling/object/index.htm,反對評稅及緩繳暫繳稅
/tc/residents/taxes/taxfiling/object/objections.htm,反對及上訴
/tc/residents/taxes/taxfiling/object/provisional.htm,緩繳暫繳稅
/tc/residents/taxes/taxfiling/payment/index.htm,繳稅辦法
/tc/residents/taxes/taxfiling/payment/overseaspayment.htm,海外付款
/tc/residents/taxes/taxfiling/payment/personpayment.htm,親臨付款
/tc/residents/taxes/taxfiling/payment/postpayment.htm,郵寄付款
/tc/residents/taxes/taxfiling/payment/telephonepayment.htm,使用電話、互聯網或銀行自動櫃員機付款
/tc/residents/taxes/taxfiling/taxrates/index.htm,稅率、免稅額及稅項扣除
/tc/residents/taxes/taxfiling/taxrates/profitsrates.htm,利得稅稅率
/tc/residents/taxes/taxfiling/taxrates/propertyrates.htm,物業稅稅率
/tc/residents/taxes/taxfiling/taxrates/salariesrates.htm,薪俸稅及個人入息課稅稅率
/tc/residents/taxes/,稅務及應課稅品
/tc/residents/transport/airpassenger/flightinfo/index.htm,航班及機場資料
/tc/residents/transport/airpassenger/index.htm,航空旅客服務
/tc/residents/transport/airpassenger/pointstonote/index.htm,飛機乘客須知
/tc/residents/transport/crossboundary/ahquota.htm,網上申請過境私家車一次性特別配額
/tc/residents/transport/crossboundary/ferryservices.htm,往澳門及內地港口的渡輪服務
/tc/residents/transport/crossboundary/index.htm,跨界交通
/tc/residents/transport/crossboundary/parknride.htm,港珠澳大橋澳門口岸泊車轉乘計劃
/tc/residents/transport/crossboundary/selfdrivetogd.htm,廣東省自駕遊
/tc/residents/transport/crossboundary/xb_driving.htm,跨境駕駛
/tc/residents/transport/drivinglicense/abs.htm,預約續領正式駕駛執照
/tc/residents/transport/drivinglicense/becomeadriver.htm,在香港考取駕駛執照
/tc/residents/transport/drivinglicense/idpabs.htm,預約申領國際駕駛許可證
/tc/residents/transport/drivinglicense/index.htm,駕駛執照及考試
/tc/residents/transport/drivinglicense/ocdls.htm,網上查詢駕駛執照狀況
/tc/residents/transport/drivinglicense/onlineservices.htm,駕駛執照和考試網上服務
/tc/residents/transport/drivinglicense/pdls.htm,暫准駕駛執照計劃
/tc/residents/transport/drivinglicense/renewdrivinglicense.htm,網上申請續領正式駕駛執照
/tc/residents/transport/drivinglicense/roadtest.htm,網上預約駕駛考試
/tc/residents/transport/index.htm,運輸及駕駛事務
/tc/residents/transport/publictransport/companies.htm,公共運輸機構／資訊網址
/tc/residents/transport/publictransport/fa_nfbinhk.htm,香港的非專營巴士服務
/tc/residents/transport/publictransport/hketransport.htm,香港出行易
/tc/residents/transport/publictransport/hkkiosks.htm,香港乘車易資訊站
/tc/residents/transport/publictransport/index.htm,香港公共交通
/tc/residents/transport/roadandtraffic/erouting.htm,香港行車易
/tc/residents/transport/roadandtraffic/etrafficnews.htm,交通快訊
/tc/residents/transport/roadandtraffic/index.htm,道路、交通情況及特別交通措施
/tc/residents/transport/roadandtraffic/lantaupermit.htm,「大嶼山自駕遊」計劃
/tc/residents/transport/roadandtraffic/planningjourney.htm,出門易
/tc/residents/transport/roadandtraffic/rtis.htm,實時道路交通資訊
/tc/residents/transport/roadnetwork/index.htm,道路及設施
/tc/residents/transport/safetymeasuresandtips/airtrafficcontrolsafety/index.htm,航空交通管制安全
/tc/residents/transport/safetymeasuresandtips/aviationknowledge/index.htm,航空知識
/tc/residents/transport/safetymeasuresandtips/cad_edupath.htm,民航處–航空教育徑
/tc/residents/transport/safetymeasuresandtips/dops.htm,違例駕駛記分制度
/tc/residents/transport/safetymeasuresandtips/emergency.htm,駕駛者處理緊急事故須知
/tc/residents/transport/safetymeasuresandtips/index.htm,安全守則 ∕ 資訊
/tc/residents/transport/safetymeasuresandtips/mdic.htm,強制修習駕駛改進課程
/tc/residents/transport/safetymeasuresandtips/pleasurevesselsafety/index.htm,遊樂船安全
/tc/residents/transport/safetymeasuresandtips/roadsafety/index.htm,道路安全
/tc/residents/transport/safetymeasuresandtips/roadsafetytips.htm,道路使用小貼士
/tc/residents/transport/safetymeasuresandtips/safedrivingandgoodhealth.htm,安全駕駛與健康
/tc/residents/transport/safetymeasuresandtips/safetyboating.htm,遊船河安全貼士
/tc/residents/transport/safetymeasuresandtips/safetyfireworks.htm,出海觀賞煙花或參與大型盛事的安全須知
/tc/residents/transport/safetymeasuresandtips,安全守則 ∕ 資訊
/tc/residents/transport/vehicle/bookvehicleexam.htm,預約車輛年檢
/tc/residents/transport/vehicle/carowner.htm,準車主注意事項
/tc/residents/transport/vehicle/certofparticulars.htm,網上申請「車輛登記細節證明書」
/tc/residents/transport/vehicle/enqbkstatus.htm,網上預約私家車及不超過1.9公噸的輕型貨車年檢
/tc/residents/transport/vehicle/index.htm,車輛牌照、登記及檢驗
/tc/residents/transport/vehicle/ochcp.htm,出租汽車許可證網上查詢系統
/tc/residents/transport/vehicle/onlineservices.htm,車輛登記和檢驗網上服務
/tc/residents/transport/vehicle/ospvrm.htm,自訂車輛登記號碼網上服務
/tc/residents/transport/vehicle/regmarks.htm,傳統車輛登記號碼網上服務
/tc/residents/transport/vehicle/remindervlr.htm,續領車輛牌照提示服務
/tc/residents/transport/vehicle/renewvehiclelicense.htm,網上申請續領車輛牌照
/tc/residents/transport/vehicle/safetystandards.htm,車輛安全標準
/tc/residents/transport/vehicle/vabs.htm,預約續領車輛牌照
/tc/residents/transport/vessel/ebs.htm,海事處電子業務系統
/tc/residents/transport/vessel/index.htm,船隻操作員及飛行員牌照
/tc/residents/transport/vessel/licencepv.htm,為遊樂船申領牌照
/tc/residents/transport/vessel/realtime_tide.htm,香港實時潮汐資料服務
/tc/residents/transport/vessel/tidal_stream.htm,香港水流預測服務
/tc/residents/transport/,運輸及駕駛事務
/tc/residents/,本港居民
/tc/theme/bf/,方便營商主頁